{
  "recovery_metrics": {
    "recovery_rate": 30.986580099999998,
    "protein_loss": 311.81100000000004,
    "concentration_factor": 1.4022222222222223,
    "moisture_compensation_factor": 1.00905,
    "process_efficiency": 43.060374814814814,
    "yield_gap": 40.60670575805599,
    "improvement_potential": 56.939625185185186
  },
  "separation_metrics": {
    "separation_factor": 2.090033122553448,
    "protein_enrichment": 18.1,
    "separation_efficiency": 29.296067999999998,
    "component_recoveries": {
      "protein": 30.708666666666666,
      "starch": 14.32885714285714,
      "fiber": 14.6,
      "others": 17.52
    },
    "processing_moisture": 10.2,
    "moisture_impact": 0.954,
    "optimal_moisture": 12.5,
    "moisture_impact_factor": 0.02,
    "cumulative_efficiency": 29.296067999999998,
    "cumulative_enrichment": 18.1,
    "average_step_efficiency": 29.296067999999998,
    "purity_achievement": 100.0
  },
  "particle_metrics": {
    "D10": 100.0,
    "D50": 88.5142857142857,
    "D90": 89.25,
    "span": 100.0,
    "mean": 10.952,
    "std_dev": 5.794664442398715,
    "cv": 52.909646113940056,
    "specific_surface_area": 2775.5314570848586,
    "total_surface_area": 4.823112528504871e-06,
    "mean_surface_area": 4.823112528504871e-06,
    "pre_treatment_moisture": 13.6,
    "post_treatment_moisture": 10.2,
    "processing_moisture": 10.2,
    "current_moisture": 10.2,
    "d10": 2.42,
    "d50": 7.14,
    "d90": 17.85,
    "overall": 94.44107142857143
  },
  "process_performance": {
    "cumulative_efficiency": 29.972272839999995,
    "average_step_efficiency": 30.479426469999996,
    "purity_achievement": 100.0
  }
}